id,falha_1,falha_2,falha_3,falha_4,falha_5,falha_6,falha_outros
3390,0.05036405102901267,0.012901960784313724,0.005714285714285714,0.0,0.0077777777777777776,0.15319904381823884,0.13623169279980424
3391,0.13707100956730114,0.03653463203463204,0.03591758241758242,0.0,0.024880352140856345,0.16433599733599735,0.21146667711373596
3392,0.10886844635412744,0.006,0.00738095238095238,0.0,0.0,0.18622804901833043,0.11489393939393937
3393,0.11069171492866647,0.012348484848484848,0.070745670995671,0.0,0.29948842671774384,0.12018421855921856,0.08662057387057386
3394,0.0845296916873677,0.0647796762061468,0.0,0.007297297297297297,0.008648648648648649,0.19472397047397041,0.08039754689754691
3395,0.023365384615384618,0.07211528454495207,0.01175,0.0,0.017632575757575757,0.22592622655122657,0.242475468975469
3396,0.10807921604539251,0.029139483065953656,0.0,0.0,0.008983050847457628,0.22711135035751406,0.13174747474747472
3397,0.10743300838654206,0.0,0.0,0.3729321581658212,0.0,0.006500000000000001,0.18079241836594778
3398,0.010444444444444444,0.007142857142857143,0.2942738542846902,0.0,0.0,0.0025,0.10987554112554111
3399,0.1477171670921671,0.031966783216783215,0.0035714285714285713,0.0,0.007894736842105263,0.15815337440337446,0.2271663475413476
3400,0.17699837353671988,0.0,0.0035714285714285713,0.0,0.00909090909090909,0.13518640183346067,0.24096650425597782
3401,0.015363636363636364,0.0,0.3869043303102127,0.0,0.0,0.0,0.12460531788472969
3402,0.048124430745914125,0.005555555555555556,0.21119157231657226,0.026191950464396284,0.008235294117647058,0.05618896299778653,0.1429044893015481
3403,0.009333333333333334,0.0,0.3391970989794519,0.0,0.0,0.0025,0.15141303794244973
3404,0.0,0.006428571428571429,0.300469531672318,0.0,0.0,0.0025,0.16189321789321787
3405,0.17574092485601775,0.0621448517083192,0.037275974025974025,0.0,0.10834978140742287,0.11641600066600068,0.09182215007215008
3406,0.21681789150216704,0.012888888888888887,0.023464285714285715,0.0,0.01704909560723514,0.05678210678210678,0.09335353535353534
3407,0.0885961985685216,0.017166666666666667,0.004,0.008125,0.0760558436536966,0.1961964285714286,0.08379821567321567
3408,0.05783307701070859,0.0,0.2697427858089624,0.0,0.04169240030695139,0.01,0.09963816738816739
3409,0.009047619047619047,0.028625408496732025,0.0016666666666666666,0.0,0.006944444444444444,0.24409516148103103,0.12517322057027944
3410,0.041826923076923074,0.12181207955850405,0.11207539682539683,0.007894736842105263,0.0,0.11919147764000704,0.1391511266511266
3411,0.015787878787878785,0.5199190927702096,0.006964285714285714,0.0,0.009545454545454546,0.04387719298245614,0.07448546388252271
3412,0.051277381659734604,0.3906652156172389,0.02545687645687646,0.0,0.0155,0.06451260280826845,0.12984472227119281
3413,0.15861100383371654,0.13364225050035075,0.06584054834054834,0.0,0.0,0.08254900654900656,0.11005627705627705
3414,0.1286425080767186,0.02039102564102564,0.0,0.007241379310344828,0.0,0.28020918022466,0.12645315795315792
3415,0.019956073338426278,0.0,0.3648381381690205,0.0,0.009508196721311474,0.0,0.13482573635514816
3416,0.054635889709419135,0.04767476869535694,0.05841172716172716,0.0,0.00909090909090909,0.1332149207002148,0.21388753974783392
3417,0.08681866281866282,0.260049003356493,0.027035714285714288,0.0,0.03535529706875046,0.16522330009172115,0.1071609779109779
3418,0.3341942841038951,0.005833333333333334,0.036172915319974144,0.0,0.11317989329117052,0.07948931297460708,0.08823191187897071
3419,0.02375330687830688,0.09104756750753261,0.07426006754683226,0.0,0.01542319749216301,0.03582142857142858,0.22522416962122843
3420,0.07306037821827295,0.011538461538461537,0.006857142857142857,0.016609848484848488,0.016483739837398374,0.12832084582084582,0.1776662226662227
3421,0.024696969696969696,0.0075,0.24668036860800022,0.0,0.0,0.0,0.19995985223926396
3422,0.06251921470342522,0.0125,0.008333333333333333,0.0,0.007666666666666667,0.2343112503251822,0.13562092564298447
3423,0.04360974854453115,0.022118055555555554,0.015568181818181816,0.0,0.03506809528594716,0.1740410561660561,0.16674855699855698
3424,0.007857142857142858,0.02777678571428571,0.005,0.02566287878787879,0.007567567567567568,0.14627285133167486,0.10747372072372069
3425,0.0820453590956687,0.005454545454545454,0.10094470725353079,0.0,0.0,0.22325170918169637,0.1127290487290487
3426,0.16468042533229152,0.2871029767462191,0.020369047619047623,0.0,0.008604651162790697,0.1114572240624872,0.0881610105580694
3427,0.034305555555555554,0.006470588235294118,0.07577133977133978,0.0,0.0090625,0.17660688412894296,0.16569083694083694
3428,0.060604525201893626,0.029782310282310282,0.0,0.0,0.0,0.20936252301190375,0.09198834498834497
3429,0.02679166666666666,0.014523809523809526,0.0,0.0,0.0,0.3201784074833947,0.11440555278055277
3430,0.21702749738259233,0.028352272727272726,0.02013095238095238,0.0,0.041195178319466744,0.1303837329680983,0.25049242424242424
3431,0.07880681181563536,0.020942146089204913,0.010249999999999999,0.11231531156079382,0.008974358974358975,0.20495269668412086,0.14165655259772905
3432,0.1365660015317338,0.00909090909090909,0.03131746031746032,0.0,0.007666666666666667,0.14206698856698854,0.20893969970517962
3433,0.151313014162119,0.4190596734523488,0.0035714285714285713,0.0,0.015677821894498015,0.12916960816960818,0.10719489334195215
3434,0.02328940667175961,0.0,0.3703431520148239,0.0,0.009508196721311474,0.0,0.14604002206943384
3435,0.13380908512822776,0.06258278311726588,0.0,0.0,0.0,0.14911758013228602,0.1231100288600289
3436,0.0821502407980736,0.01386029411764706,0.003333333333333333,0.0,0.0,0.1757614186467128,0.19028887778887774
3437,0.04140021008403361,0.025340352049910874,0.004,0.06526903746269279,0.0,0.16886648482236716,0.13209848484848483
3438,0.003333333333333333,0.0,0.3481691444090824,0.0,0.0,0.0025,0.162698752228164
3439,0.025407407407407403,0.2932662467148771,0.02753246753246753,0.0,0.0518214818050096,0.10427421099712122,0.08372355912061792
3440,0.20690141809626936,0.14836934361984164,0.05585930735930736,0.0,0.0,0.18102834665334666,0.07936858076563959
3441,0.1525403452756394,0.02957393483709273,0.006964285714285714,0.0,0.0,0.06400252525252526,0.22241726084373134
3442,0.03654382446758608,0.02682449494949495,0.09311165223665223,0.03152272727272727,0.008055555555555555,0.1551217948717949,0.14504653679653676
3443,0.02866666666666667,0.4448337016556889,0.010375,0.0,0.0,0.1626315628815629,0.09769856124267891
3444,0.04133115468409586,0.03894083694083695,0.019675070028011204,0.0,0.01726950354609929,0.2546423722476353,0.08598802994391228
3445,0.11987556958055678,0.007058823529411765,0.019523809523809527,0.0,0.0436359697544707,0.2733530617559254,0.1284739982239982
3446,0.03412172250407544,0.03779467485919099,0.3968812241679888,0.0,0.016535685645549317,0.0025,0.0930894171188289
3447,0.030333333333333334,0.035340244550770866,0.13007643730538465,0.0,0.008235294117647058,0.06393684093684093,0.15706788146494025
3448,0.08692566415078437,0.04696299533799534,0.0,0.007297297297297297,0.0,0.20644359806859802,0.10544660894660896
3449,0.012333333333333333,0.0,0.34848311346936667,0.0,0.0,0.0,0.13429074357015536
3450,0.1042224703965214,0.05170175438596491,0.014999999999999998,0.0,0.00909090909090909,0.144223061252473,0.11450422290128173
3451,0.0637484661189904,0.02086384204031263,0.0,0.015374220374220373,0.0086,0.1954181096681097,0.06281421356421356
3452,0.0607834066266462,0.0,0.0035714285714285713,0.38980198933180454,0.0,0.019642857142857142,0.12966038373391317
3453,0.010444444444444444,0.0,0.3293085382539717,0.0,0.0,0.0025,0.13493722943722944
3454,0.0,0.0,0.0,0.37818091965836403,0.0,0.005,0.16772098979451924
3455,0.08871494109281834,0.018895676691729323,0.06477267177267178,0.0,0.03178210657465977,0.18859204276116034,0.15256709956709957
3456,0.05691829004329004,0.0,0.35538313565519447,0.0,0.0,0.0034999999999999996,0.15410423563364742
3457,0.1475902512823969,0.0,0.28752396017295395,0.0,0.025459183673469384,0.08275918525918527,0.13809576753655703
3458,0.051436771810173344,0.07193912689564864,0.0,0.0,0.0,0.1467576345223404,0.1492254877475466
3459,0.07649602913189871,0.0,0.005555555555555556,0.37766110521340834,0.0,0.013523809523809525,0.1337170492905787
3460,0.01714814814814815,0.004705882352941176,0.11514201076701079,0.0,0.008604651162790697,0.11409781884781883,0.13189785214785213
3461,0.06392796419267008,0.15383255609984306,0.03188744588744588,0.0,0.06831220408664018,0.03747023809523809,0.12003364446011507
3462,0.179703741470413,0.0409917239623122,0.0055000000000000005,0.0,0.02509406081273089,0.09951848070230424,0.22484051766946497
3463,0.19174471920844247,0.051792025110439434,0.04658409564291917,0.0,0.06422621779513049,0.0673264278720935,0.15211978054625117
3464,0.09698748933385155,0.05574572239709707,0.0,0.0,0.0,0.19286726682666572,0.08894866734572618
3465,0.01858974358974359,0.4910016649793171,0.0,0.0,0.0,0.10716489869779341,0.07921562098032688
3466,0.2082755908267321,0.10914860005894489,0.032357142857142855,0.0,0.023400744735490503,0.058691086691086684,0.1635093289063877
3467,0.009000000000000001,0.09076970836181361,0.019220779220779218,0.0,0.0061764705882352946,0.16765948267418856,0.1155606893106893
3468,0.08283322149186353,0.014875124875124874,0.06466458541458542,0.008095238095238095,0.0,0.19272276742864977,0.172739121989122
3469,0.02328940667175961,0.0,0.43491004381755183,0.0,0.0,0.0,0.13373843476784658
3470,0.009333333333333334,0.004,0.3731642004366463,0.0,0.0,0.0025,0.1523383626177744
3471,0.1188524581825497,0.057843401116427426,0.014285714285714285,0.0,0.02493740833857113,0.150017094017094,0.10275280275280275
3472,0.061359117462058646,0.2906950270967485,0.0,0.0,0.008444444444444444,0.16155736003762317,0.14065973977003385
3473,0.1556235654255408,0.3920686222675387,0.0038461538461538464,0.0,0.03280903639371382,0.14963943001443,0.0716602564102564
3474,0.0970130305049169,0.3299940144218453,0.12898488113193995,0.0,0.050960147404083334,0.010416666666666664,0.18429138018843896
3475,0.0225,0.07077663710558448,0.02054761904761905,0.0,0.0,0.14995406055932375,0.13219877344877348
3476,0.02965304303539597,0.016298076923076922,0.37108050725504277,0.0,0.009508196721311474,0.003333333333333333,0.1280151302945421
3477,0.22200871027418784,0.008636363636363636,0.02803571428571429,0.0,0.032475328105209256,0.12655368479130089,0.09830112044817926
3478,0.02333771929824561,0.0125,0.2223795798714529,0.0,0.050587278516057585,0.13776939826300438,0.14815671828171828
3479,0.22999541384753047,0.01927132867132867,0.009047619047619047,0.0,0.04194049043062201,0.09399205034731349,0.0998423520923521
3480,0.06576776798252458,0.2676858646408744,0.009988095238095239,0.009230769230769232,0.0,0.16058479931661052,0.07791638018843901
3481,0.009333333333333334,0.0,0.35382265259605417,0.0,0.0,0.0025,0.15702414905356082
3482,0.02907407407407407,0.04228571428571428,0.04450432900432901,0.0,0.0,0.14647366522366523,0.17320422632922633
3483,0.019175438596491227,0.17054072351311209,0.070997557997558,0.0,0.018257575757575757,0.10798892284186402,0.1419391858141858
3484,0.37162057321527336,0.005294117647058823,0.10252522477522477,0.0,0.017126909518213867,0.13850355281972926,0.1449431956931957
3485,0.0793696164946165,0.31622360195008553,0.0035714285714285713,0.0,0.0,0.1542341996239055,0.05279462694168577
3486,0.14550035860252578,0.011454545454545455,0.027035714285714288,0.0,0.3668874227393665,0.12607113474760534,0.11359135309135311
3487,0.1248872267130276,0.03996230158730159,0.009555555555555557,0.0,0.025396825396825397,0.10926069763569765,0.16731349206349205
3488,0.059647628566669046,0.020992424242424243,0.0,0.0,0.0,0.2535172401128283,0.09300308025308027
3489,0.045380291005291014,0.014470588235294119,0.01611111111111111,0.3544846629015794,0.00909090909090909,0.051823763955342904,0.15669448851801793
3490,0.06686039386310283,0.09650328953811928,0.006964285714285714,0.0,0.025319749216300938,0.05256343656343656,0.2057128476099064
3491,0.04163293650793651,0.1560553429685783,0.03201984126984127,0.12690394166864757,0.02521436481569372,0.1828040154290154,0.1514291133702899
3492,0.03361952861952862,0.41901308248056085,0.017734848484848485,0.0,0.0,0.09194015788133435,0.07447149908914615
3493,0.046736063500769386,0.043937041219649905,0.021452380952380952,0.0,0.0,0.09576621031187592,0.10590283082930141
3494,0.028702341137123746,0.027644907407407406,0.02128246753246753,0.0,0.0,0.17128900592871182,0.15977988531935902
3495,0.021474747474747473,0.055776355996944235,0.14702866659484307,0.01563667232597623,0.0,0.09120238095238094,0.20151350446938682
3496,0.009333333333333334,0.0,0.3136338019752341,0.0,0.0,0.0025,0.14989121254562432
3497,0.06733833818384925,0.0,0.32054134754134744,0.06624447034377642,0.016120689655172413,0.125899688031267,0.17519059230243442
3498,0.16469010042955057,0.025546345811051693,0.04411471861471861,0.0,0.02672609819121447,0.15294949494949495,0.2034091741591741
3499,0.09069443192972605,0.2461853370681891,0.0,0.007954545454545454,0.043895644551781035,0.20045604795101699,0.09095579583814878
3500,0.08090495493784967,0.006363636363636364,0.011555555555555555,0.2662123575156614,0.017181372549019608,0.021619047619047618,0.18548397680750625
3501,0.07281336548441812,0.03349667519181585,0.0016666666666666666,0.0,0.00926829268292683,0.18533236319923632,0.1292009102009102
3502,0.13190442234923658,0.01282051282051282,0.0,0.0,0.0,0.15870418470418474,0.2813169608169608
3503,0.09511965909197367,0.03546557002247539,0.007666666666666666,0.008125,0.007666666666666667,0.2524361071075467,0.11033194583194582
3504,0.37008016992728926,0.0,0.018062271062271065,0.0,0.09764871606843098,0.05784856809856809,0.053482577879636714
3505,0.03691327598232969,0.5556051542269589,0.0038461538461538464,0.0,0.0,0.1487231657231657,0.12998824215000687
3506,0.07458463886213247,0.058231168831168835,0.11470192226074578,0.0,0.06635222265893774,0.15405165433458273,0.16788781153487037
3507,0.020432263814616755,0.0,0.3614374702095291,0.0,0.0,0.0,0.13373843476784658
3508,0.19123601226774603,0.005,0.0,0.0,0.0,0.18978371954842552,0.09433508158508161
3509,0.019956073338426278,0.0,0.40678446414553215,0.0,0.0,0.0,0.14828147506088685
3510,0.12887512074617338,0.0151875,0.013464285714285715,0.0,0.008275862068965517,0.19907808930835244,0.11062667887667887
3511,0.008787878787878787,0.0,0.2792840354090355,0.0,0.0,0.0025,0.1516424474218592
3512,0.07776477832512316,0.028139483065953656,0.0,0.0,0.0,0.2601335331335331,0.04028496503496503
3513,0.042104617604617596,0.0951480427887498,0.008,0.007894736842105263,0.0,0.12463848805992774,0.09854498279498276
3514,0.06122058823529412,0.0,0.08373773448773449,0.007894736842105263,0.05490745813326458,0.13124636474636472,0.18446339444868862
3515,0.10059406313522638,0.0,0.039530303030303034,0.049857176141658896,0.016045828437132786,0.20833152958152962,0.08885425685425685
3516,0.04694159905341447,0.2553178194424005,0.004,0.06755065767565767,0.008837209302325582,0.15544617405298522,0.12717004727298845
3517,0.0541315743080449,0.06368175451998982,0.007916666666666666,0.04240196078431373,0.0075,0.12660488196014513,0.189549839049839
3518,0.07690366659484309,0.039854825428195,0.0035714285714285713,0.0,0.0,0.1626661770667525,0.11151234876234878
3519,0.06649830643212996,0.007053571428571428,0.0757879212290977,0.0,0.08238310698249358,0.1412409706306765,0.11472206061911945
3520,0.014598930481283422,0.0,0.4146018063893451,0.0,0.008235294117647058,0.0,0.14097655122655126
3521,0.2437617395790771,0.055495788354867646,0.036076923076923076,0.0,0.024117469251615592,0.1712445783490675,0.14841892584539645
3522,0.009333333333333334,0.0,0.35563722472917514,0.0,0.0,0.0025,0.13526404804345982
3523,0.08243884644766997,0.01979946524064171,0.09465115440115442,0.008378378378378378,0.5402786181013753,0.13380862193362192,0.09090917415917417
3524,0.16654368584071438,0.0,0.0319010989010989,0.0,0.007142857142857143,0.18357060994560992,0.12930011655011653
3525,0.04453021978021979,0.428846960850337,0.020369047619047623,0.0,0.0,0.10297555549026134,0.10445171984877868
3526,0.07124185128596894,0.005454545454545454,0.0,0.0,0.4400164232258871,0.12920515595515597,0.1108197080697081
3527,0.009333333333333334,0.0,0.33014867794893354,0.0,0.0,0.0025,0.16139167042108218
3528,0.06396293039940627,0.04026771390374331,0.011098901098901099,0.0,0.0,0.26126027159115384,0.1773375627640333
3529,0.06984393939393939,0.04265315435052277,0.05067862692862692,0.05635168326220958,0.01593929450369155,0.16091775647812795,0.25967149646019605
3530,0.16110074424447327,0.02499401882769023,0.009464285714285713,0.0,0.1908620845629829,0.06981968031968032,0.12686805351511232
3531,0.18555517425470985,0.02836384204031263,0.003333333333333333,0.0,0.0,0.20644044925662577,0.19012884337884334
3532,0.07997108447108447,0.2577584409432269,0.0709404761904762,0.0,0.0825120967082457,0.107071266366932,0.18877182784535723
3533,0.2125296642473753,0.029348339160839156,0.028494047619047624,0.0,0.041903019461159,0.08353792114318428,0.1028296474767063
3534,0.08139949232054496,0.5347728502024528,0.00738095238095238,0.0,0.0,0.12927344877344876,0.07598575036075036
3535,0.015363636363636364,0.0,0.3299405480140774,0.0,0.0,0.0,0.13849240302181481
3536,0.20139524298769487,0.005789473684210527,0.006495726495726495,0.008333333333333333,0.0257103022684418,0.1463915945165945,0.29071176046176034
3537,0.04543148028442145,0.014861111111111111,0.29079515319860577,0.0,0.02301282051282051,0.08625574588809883,0.15508049114628064
3538,0.04485264961898355,0.09861815308874132,0.08309345556404381,0.0,0.0,0.11568180920386803,0.13795670995670994
3539,0.05685520361990951,0.048663752913752904,0.0,0.0,0.00873015873015873,0.17692579642579642,0.12480938505938508
3540,0.05375517574922946,0.034783496732026145,0.0055000000000000005,0.034025608201538333,0.0,0.10746090021090023,0.13772391987097868
3541,0.032752639517345396,0.0071875,0.004,0.0,0.0,0.24767910544384492,0.14671453546453547
3542,0.16818205943260606,0.0935756754855052,0.19898818175288763,0.0,0.05097091969542159,0.16261818736818737,0.2580843206501101
3543,0.04470395508630802,0.060179609863820385,0.02682142857142857,0.0,0.02580243137854576,0.2164362788054739,0.12454296846943906
3544,0.018728070175438597,0.0,0.35686992482062135,0.0,0.0,0.0075,0.15165906968848147
3545,0.05354115492350786,0.4747399943800092,0.021901098901098905,0.0,0.017293700088731146,0.06116159270725834,0.14537202829849888
3546,0.03173400673400673,0.0,0.3154111157847999,0.0,0.0,0.0,0.16840979118920296
3547,0.15507381070446205,0.031072122322122323,0.0,0.008333333333333333,0.02453308596165739,0.15532670434141022,0.11337923187923186
3548,0.005,0.0,0.03908107088989442,0.09753627118148442,0.0,0.2269718381034171,0.10853255078255078
3549,0.057326907011117534,0.025845588235294117,0.0016666666666666666,0.0,0.007666666666666667,0.2784801643574864,0.18527922077922074
3550,0.02328940667175961,0.0,0.3644097765839253,0.0,0.0,0.0,0.15184954587895766
3551,0.05175721646774278,0.006,0.03451877289377289,0.0,0.0,0.12814714280387648,0.11114130803836687
3552,0.12884574031632856,0.022241745182921654,0.10023912198912198,0.0,0.0,0.14685453435453438,0.1390462315462315
3553,0.012666666666666666,0.006999999999999999,0.35344793347347514,0.0,0.0,0.004166666666666667,0.1515468763262881
3554,0.015842105263157893,0.02499220779220779,0.08505581020286902,0.007894736842105263,0.0,0.10512061876032465,0.11700865800865796
3555,0.05211802413273002,0.4506071976084446,0.007571428571428571,0.0,0.02680068158791563,0.11737884337884337,0.09447437611408198
3556,0.24131910000019777,0.01798268398268398,0.01536904761904762,0.0,0.015398148148148147,0.1211399061464851,0.12733769008769008
3557,0.03968544799427152,0.0,0.014545454545454544,0.0,0.06895974922090453,0.12619594294594294,0.18918795093795088
3558,0.19381618993967098,0.03933799533799534,0.0035714285714285713,0.0,0.008913043478260869,0.1858699796935091,0.1040823669794258
3559,0.07690059559177206,0.3836705743398388,0.004,0.0,0.0,0.15825674325674327,0.0957425074925075
3560,0.07492198693776655,0.01872803666921314,0.006,0.3415510477829994,0.0,0.013487179487179488,0.15490244722597665
3561,0.05850951896460064,0.03215853386809269,0.006666666666666667,0.0,0.017745173745173745,0.27085092206032096,0.10782611832611831
3562,0.008545454545454545,0.028916971916971915,0.016,0.0,0.00782608695652174,0.23303789266289257,0.14920815295815296
3563,0.06526021527492115,0.4287848376399909,0.015,0.0,0.09662230803241256,0.08985149645675962,0.1266185807656396
3564,0.013615384615384616,0.10448270866846716,0.012893772893772892,0.0,0.0,0.12483732933732933,0.17617293817293816
3565,0.0714214813572132,0.03969659090909091,0.0,0.0,0.0,0.22691556562109458,0.08172960372960375
3566,0.04228266470371733,0.04665839797457444,0.10934578871420975,0.007894736842105263,0.017708333333333333,0.1338612914862915,0.20433270895770891
3567,0.1087746918114565,0.015742753623188405,0.14223468475968476,0.0,0.009354838709677418,0.02936263736263737,0.1293830638670792
3568,0.05965527912919554,0.031639483065953655,0.0,0.0,0.00926829268292683,0.22059012648334891,0.09620598845598845
3569,0.03161538461538462,0.021025210084033616,0.007532467532467533,0.0,0.007619047619047619,0.16381920938538588,0.12229445554445553
3570,0.10986071511446731,0.023887700534759356,0.014904761904761903,0.00853658536585366,0.0631616170211532,0.20287307300542592,0.15960789210789214
3571,0.15131066615852254,0.0,0.19902476608358957,0.0,0.04244191768039928,0.07379041873159518,0.14841161616161613
3572,0.033555818425373786,0.1205857048653101,0.01575,0.04671268104048425,0.0,0.1650833480245245,0.1220753413253413
3573,0.028645687645687645,0.045661330002762235,0.0355122655122655,0.0,0.0,0.1923291708291708,0.13555266955266956
3574,0.12045552133684138,0.16811793781126663,0.08597610396139807,0.13100127782617188,0.0,0.1721258186258186,0.2028756243756244
3575,0.08252951136074704,0.019198717948717952,0.008627450980392158,0.01651209677419355,0.04116139105408733,0.23569103037485384,0.1488537900008488
3576,0.02914814814814815,0.014166666666666666,0.26135583778966126,0.0,0.009130434782608695,0.02996933621933622,0.13173626373626374
3577,0.03404082321187585,0.038084553979694645,0.21704634254634253,0.0,0.007142857142857143,0.09176700586994704,0.08162049062049061
3578,0.13381179295981085,0.16127310709941753,0.010297619047619047,0.0,0.07418279877614603,0.048080752580752575,0.14450044889750774
3579,0.14136985157293153,0.0508889248006895,0.0016666666666666666,0.02210813492063492,0.008888888888888889,0.1358888342050107,0.21811731324231318
3580,0.04961363636363637,0.2886977069048952,0.0,0.0,0.0,0.13926551226551226,0.1137220883691472
3581,0.09417955191523301,0.04063948306595365,0.0011111111111111111,0.0,0.0,0.16794124176477124,0.09113891663891663
3582,0.04533159920002025,0.07483905921108103,0.03626839826839827,0.0,0.01664874551971326,0.026961399711399707,0.22515160329866205
3583,0.2341475433700118,0.0,0.004242424242424242,0.0,0.032268876181584784,0.1352962037962038,0.08954109779109778
3584,0.009000000000000001,0.0,0.348817403356877,0.0,0.0,0.0075,0.14678391053391052
3585,0.021314439946018893,0.015083333333333332,0.0,0.0,0.014492753623188406,0.2064234533526329,0.15255772005772006
3586,0.029757575757575757,0.04485479797979799,0.00375,0.0,0.0,0.17291067276713054,0.10039788479494365
3587,0.009333333333333334,0.0,0.3342685473281449,0.0,0.0,0.0025,0.13934160937102116
3588,0.050683276868059485,0.016019047619047617,0.089663044471868,0.0,0.04870749824924608,0.1827413281163281,0.157001420148479
3589,0.09720650738150738,0.011403508771929825,0.00125,0.2801840599400727,0.0,0.02040151515151515,0.1700375898611193
3590,0.0,0.013605072463768115,0.0,0.0,0.0,0.2702884951735571,0.1461587024087024
3591,0.12907878839999584,0.0,0.20195150764268407,0.0,0.025354844640558927,0.14748751820075345,0.11822501329080279
3592,0.05346685340802988,0.013382867132867134,0.004,0.0,0.0,0.20329882617382616,0.0767012987012987
3593,0.13827383873150131,0.013854166666666666,0.0,0.008863636363636363,0.03327125972340156,0.31849950213185513,0.15163106338106339
3594,0.09379053544494723,0.41773878030337824,0.014935064935064935,0.0,0.10700107542711632,0.14973780386280386,0.12012690087690085
3595,0.07810291251003326,0.1287892696971644,0.05329816017316018,0.0,0.04126845179383404,0.020845238095238097,0.16037030126736007
3596,0.10811462120043122,0.03554271708683473,0.023464285714285715,0.0,0.02557904468412943,0.1207793219852043,0.09352370342076224
3597,0.03301605801605802,0.04195156926406926,0.0,0.0,0.0,0.31222246136216725,0.12243081918081918
3598,0.09987970728102308,0.0044444444444444444,0.0035714285714285713,0.0,0.025624769966875228,0.19846510760481348,0.17785515873015875
3599,0.04050221513379408,0.01723529411764706,0.2867247899159662,0.07630982966081729,0.00857142857142857,0.04589646464646466,0.12112038614979789
3600,0.003333333333333333,0.0,0.3272162515846726,0.0,0.0,0.0075,0.15313526016467194
3601,0.1445178113245461,0.015034965034965033,0.00125,0.008235294117647058,0.0,0.2305719141969142,0.09807431457431455
3602,0.08980666584961265,0.06529340104340103,0.014623015873015873,0.03512014260249554,0.0075,0.1309277666777667,0.12899852924852923
3603,0.20986210747279124,0.018076072534276868,0.12344655344655343,0.0,0.06077433655238309,0.14266905316905318,0.18798248973248965
3604,0.09436943474482173,0.0,0.011454545454545453,0.023813492063492064,0.023195423623995053,0.22727816230373776,0.13902744967450853
3605,0.02078940667175961,0.0,0.3674707256537752,0.0,0.0,0.0,0.13373843476784658
3606,0.03384615384615384,0.018522727272727274,0.013291666666666667,0.0,0.0075,0.24729865903491213,0.1439019591519591
3607,0.05081345182738372,0.12812391272298393,0.281360251676428,0.0,0.026435064935064933,0.009404761904761905,0.1373382238676356
3608,0.20684685010225576,0.014008097165991905,0.0,0.0,0.0,0.17911381673881682,0.14390534465534466
3609,0.01572727272727273,0.0,0.26099607255489604,0.0,0.0,0.019805860805860807,0.1059525817319935
3610,0.047745989304812844,0.3042913243611269,0.00375,0.008285714285714287,0.016973039215686273,0.12409382284382284,0.20720007770007767
3611,0.13141995930596337,0.43271050826510105,0.02742887667887668,0.0,0.016839945280437755,0.06755048159614724,0.12088445378151258
3612,0.050938229340319115,0.01302197802197802,0.0,0.0,0.0,0.20349998028287503,0.11262504162504162
3613,0.009333333333333334,0.0,0.37738681122798773,0.0,0.0,0.0075,0.15990582293523473
3614,0.176167020940097,0.050077879636703154,0.008571428571428572,0.0,0.0845770167639648,0.17017732267732272,0.1424269896769896
3615,0.08070276688097053,0.06717280758457228,0.01894047619047619,0.0,0.00909090909090909,0.12907072829131652,0.11443720168720169
3616,0.15963060936050236,0.0,0.0,0.0,0.017409404013177598,0.2623195448342507,0.04104181929181929
3617,0.017958333333333333,0.0,0.34379365882655366,0.0,0.0,0.0,0.13817097445038626
3618,0.2128749401527266,0.1584200595156477,0.01856060606060606,0.0,0.04302054708576447,0.10126664563506671,0.20600702075702074
3619,0.09486766011766011,0.02046153846153846,0.003666666666666667,0.0,0.017896825396825397,0.2113841885238944,0.06239826839826839
3620,0.10204085149743042,0.026142857142857145,0.012252747252747253,0.0,0.00873015873015873,0.017666666666666667,0.22528119592825463
3621,0.03718891402714932,0.0362281045751634,0.060356962481962484,0.0,0.0,0.16173977901183784,0.10227281052281052
3622,0.05310406196531517,0.0,0.0,0.3008327935065937,0.0,0.04093162393162393,0.17135477267830207
3623,0.12262962922870045,0.014577922077922079,0.1290700933053874,0.0,0.035629380540094825,0.13134324009324008,0.14158689023394902
3624,0.009878542510121458,0.07888957543499711,0.02403246753246753,0.0,0.0,0.21545360766684302,0.12133838383838383
3625,0.1271031589342838,0.0,0.0,0.11101539973066882,0.0,0.11485675435675435,0.09583555333555331
3626,0.020432263814616755,0.0,0.3891811497326202,0.0,0.0,0.0,0.1382781173075291
3627,0.02631970970206264,0.0,0.3662046021144317,0.0,0.0,0.0,0.1320151302945421
3628,0.04727173913043479,0.015,0.10074927849927849,0.0,0.040254188507532325,0.1479083139083139,0.1405189500042441
3629,0.08828535353535355,0.46687002208647965,0.019204545454545453,0.0,0.03183155080213904,0.05808445793972109,0.10288192852898735
3630,0.009333333333333334,0.0,0.32709004149445337,0.0,0.0,0.0025,0.14420344198285376
3631,0.10597738795437445,0.01655388471177945,0.14125895230500496,0.0,0.03364249605966248,0.10403604728604726,0.1478639742610331
3632,0.12352048788804097,0.0813459736685743,0.04689087301587302,0.033923046251993626,0.025663265306122448,0.12592084459228425,0.16004825729825728
3633,0.06106633221850614,0.08733496238771175,0.046533882783882784,0.0,0.06990005392647816,0.13164836633954283,0.20195337832102533
3634,0.021138888888888888,0.01355614973262032,0.006,0.0,0.03195659295659296,0.3202574330330084,0.09410606060606062
3635,0.04712426900584795,0.022653907496012756,0.09230519480519479,0.06204547754876702,0.023846153846153847,0.13693343094813681,0.12965590184669135
3636,0.02061538461538462,0.4133056105122399,0.014570929070929073,0.0,0.007659574468085106,0.09267389627915942,0.08470996160702043
3637,0.1178980646260058,0.018974358974358972,0.0,0.0,0.04311622819859234,0.11087668214138802,0.1303286990786991
3638,0.08342506023388375,0.04877446893876915,0.014136363636363636,0.0,0.07638606558464066,0.12470402954458679,0.17789119214119214
3639,0.21018186151080895,0.026492147403788358,0.18913995907474168,0.0,0.008387096774193548,0.0276045621045621,0.13638158818305876
3640,0.1262118667677411,0.044282439782439786,0.014555555555555558,0.0,0.014408602150537636,0.13982320457320457,0.08747634310134311
3641,0.009333333333333334,0.006857142857142857,0.3803424163527106,0.0,0.0,0.0025,0.16836000763941938
3642,0.1230490514387573,0.02127136752136752,0.11598287823287821,0.007551020408163265,0.025408653846153845,0.17277927709545357,0.22774696356275304
3643,0.16676781337570812,0.11474204718570044,0.052176406926406925,0.0,0.03515167910411055,0.11439230540701129,0.09784217171717174
3644,0.12118465766259884,0.01735294117647059,0.029573759573759576,0.0,0.017454545454545455,0.186601925121662,0.23389882339882334
3645,0.03855952380952381,0.03282859555305376,0.013178571428571428,0.023207236842105267,0.0,0.16418767017296432,0.17704970519676394
3646,0.24494911297852479,0.034469036845507436,0.005714285714285714,0.0,0.04316517275124543,0.17971562261268142,0.14146356421356424
3647,0.047600021513307514,0.2529026045925252,0.009250000000000001,0.0,0.0,0.16582022226139873,0.07383439273145155
3648,0.012,0.13652675087360103,0.010413419913419915,0.0,0.016396103896103895,0.16086262705302953,0.15367855347267112
3649,0.10426835162399194,0.0,0.0,0.38270249919343696,0.0,0.004,0.1638310186545481
3650,0.08928445611262947,0.026273684210526317,0.016964285714285713,0.0,0.01627906976744186,0.0356941015640706,0.18615682030387906
3651,0.0369037444037444,0.056167381964440787,0.016416666666666666,0.0,0.03426606035551881,0.18372483317336258,0.1160585248085248
3652,0.009333333333333334,0.0,0.2450806701468466,0.0,0.007073170731707316,0.0165,0.08069877344877345
3653,0.10294671656568209,0.006111111111111111,0.15500665919048276,0.0,0.025562925170068026,0.15526407529668398,0.16287750459035283
3654,0.2371684449943622,0.007727272727272727,0.007619047619047619,0.0,0.06053576321001679,0.17621749359171962,0.10867063492063489
3655,0.11082268581316232,0.014775641025641027,0.01508199643493761,0.008918918918918918,0.007666666666666667,0.2210134391752038,0.12681962481962483
3656,0.12019480100372547,0.0072,0.279449827949828,0.01796521739130435,0.016764705882352942,0.10341980731686615,0.13129255685834637
3657,0.009333333333333334,0.0,0.34100558836588246,0.0,0.0,0.0025,0.15345344198285377
3658,0.28690475741298527,0.06048978594934477,0.022035714285714287,0.0,0.01525,0.17191738571885634,0.08851309801309801
3659,0.0821089582931688,0.023966033966033966,0.04766666666666666,0.008095238095238095,0.015222222222222222,0.165652165172289,0.24847526085026075
3660,0.06876998342012836,0.049007196969696964,0.005,0.059348817352493824,0.056548947328415027,0.192227097249156,0.18791341991341984
3661,0.012,0.0,0.33940463784581437,0.0,0.0,0.0025,0.1290721500721501
3662,0.1449194441523389,0.014166666666666666,0.02213203463203463,0.0,0.00909090909090909,0.17781184675653985,0.09126113265819147
3663,0.025881999264352206,0.0,0.4237705401497623,0.0,0.0,0.008055555555555555,0.15984740259740263
3664,0.06392445054945055,0.08105813933154087,0.012619047619047618,0.0,0.017859848484848485,0.17549146605028956,0.15531512931512934
3665,0.06569959207459208,0.0,0.00125,0.37450469402389475,0.0,0.0125,0.1391178151913446
3666,0.2388592601050705,0.0,0.10972871572871572,0.0,0.0176266137040715,0.1643959235209235,0.10929323454323456
3667,0.025074242645400143,0.0772693022663611,0.012619047619047618,0.0,0.025198002350176264,0.13756834831834833,0.22298079698079692
3668,0.014333333333333333,0.12201519356798265,0.007294117647058824,0.0760565480491951,0.0,0.11374603939232422,0.19402736152736147
3669,0.056724151929637416,0.0,0.0,0.0,0.0088,0.32022957526985657,0.047988100135158966
3670,0.1024308422980925,0.0,0.0025,0.29072495200730797,0.0,0.004,0.20407693940046878
3671,0.08883583156609472,0.06052417345296602,0.0,0.0,0.00926829268292683,0.22158456994838072,0.16644062881562874
3672,0.1268197352899365,0.07756054665010521,0.1128151554328025,0.0,0.016865357643758766,0.01225,0.19714494982142042
3673,0.16118892222328754,0.025443722943722945,0.07103246753246753,0.0,0.061923574446501005,0.20071156947627528,0.11046639471639473
3674,0.15251546547695083,0.25305341820949573,0.07020382395382395,0.0,0.016535244922341697,0.029718614718614717,0.17218676258382143
3675,0.06767016414957591,0.030077243018419488,0.07682287157287157,0.0,0.5829269124937217,0.10188677988677988,0.08585470085470086
3676,0.22605154684945034,0.057767616155774054,0.011547619047619046,0.0,0.008461538461538461,0.0731948230647921,0.19955513930513924
3677,0.11627265821230016,0.016780303030303027,0.0,0.0,0.0,0.15373365514774184,0.11334102009102011
3678,0.14606901893463758,0.047807422046552486,0.04785281385281385,0.0,0.01768878718535469,0.20316019029989618,0.15262300199800205
3679,0.06326555114132512,0.3176747143563393,0.0158531746031746,0.0,0.0354611013986014,0.06396013781540098,0.20745768610474485
3680,0.04537121212121212,0.11903898500814235,0.0,0.12973471858424768,0.008421052631578947,0.13118864468864466,0.2189979881229881
3681,0.02078940667175961,0.0,0.3460589410589411,0.0,0.0,0.0,0.13837732365673544
3682,0.09846047971122703,0.04873717948717949,0.01716911764705882,0.04387014260249554,0.0,0.13349797424797427,0.15071589521589523
3683,0.011000000000000001,0.0,0.32021266986068775,0.0,0.0,0.007083333333333333,0.16532575757575757
3684,0.020714285714285713,0.034944444444444445,0.0,0.0,0.0,0.20644512670328724,0.11714033352268646
3685,0.06066078972113455,0.029196859903381642,0.005294117647058823,0.024323308270676688,0.0075,0.16773748473748476,0.21399494949494943
3686,0.060576121798977464,0.12250261802778964,0.0917781736237619,0.0,0.025521817363922627,0.140251443001443,0.14547360972360973
3687,0.31855008668484175,0.01380952380952381,0.033334415584415585,0.0,0.018392857142857145,0.13934330946830945,0.15952711177711176
3688,0.038361904761904764,0.01276190476190476,0.00625,0.0,0.10872680099543713,0.2164113900805077,0.12183034122740005
3689,0.1666221570415944,0.37052863327800084,0.031464285714285715,0.0,0.018183760683760684,0.06961289140855703,0.10605043322690377
3690,0.08033813082342496,0.37786869585336064,0.00375,0.0,0.01812937062937063,0.11944212731712729,0.16752561327561327
3691,0.10716427091427089,0.028965201465201464,0.02560714285714286,0.0,0.027109201773835922,0.17028489321136384,0.11857647907647906
3692,0.20983242629328916,0.2721077797553214,0.012797619047619047,0.0,0.0,0.0678277848742245,0.10375974025974026
3693,0.009333333333333334,0.0,0.3083699217449217,0.0,0.0,0.0075,0.15599637127578306
3694,0.19417988791319662,0.04355294705294705,0.0348489010989011,0.04145137035047199,0.025393762183235868,0.09844354256854258,0.22638403263403262
3695,0.018696969696969698,0.0,0.3925356751092048,0.0,0.0,0.0,0.13380986333927514
3696,0.1638045006642799,0.00375,0.0035714285714285713,0.0,0.02543464599916213,0.19738302383890619,0.0923956043956044
3697,0.10274734742381803,0.012315789473684209,0.06314492370374723,0.0,0.0,0.16931447718947715,0.12676945276945278
3698,0.03501190476190476,0.07437753945401004,0.002,0.0,0.0086,0.18831026571467746,0.1563621933621933
3699,0.10521262495674259,0.03612626262626263,0.06200757575757576,0.0,0.44349279808137404,0.10782117882117881,0.08106077256077256
3700,0.06775193940965267,0.0,0.0,0.0,0.0,0.2532459427827074,0.07309704184704184
3701,0.0316060606060606,0.07374698108908634,0.0,0.0,0.0,0.2098428646722326,0.10481191520897404
3702,0.04857326693795959,0.03734090909090909,0.0,0.0,0.0,0.24962648462648462,0.04797666222666222
3703,0.04151178451178452,0.0640265505736094,0.0331480463980464,0.0,0.0,0.06376110430676993,0.28791111339640746
3704,0.026607655502392344,0.0,0.3587445887445886,0.0,0.0,0.009886363636363636,0.1352246985041103
3705,0.030071225071225074,0.027340642449338103,0.011252747252747252,0.0,0.04988885824600111,0.2260703380726601,0.11758239962651727
3706,0.25666102075337505,0.009333333333333334,0.005,0.0,0.017633053221288515,0.20950810300810307,0.05168686868686869
3707,0.2837927347990085,0.009000000000000001,0.005,0.0,0.04043611111111111,0.1518968115218115,0.10841765398344344
3708,0.12687673710711456,0.007142857142857143,0.1947241026946909,0.0,0.02583333333333333,0.136114529562285,0.13949846206425154
3709,0.07780072603754146,0.0,0.0,0.33544540292799974,0.0,0.10997311022311024,0.10487515262515265
3710,0.09521981242146162,0.02090909090909091,0.00625,0.03402450980392157,0.008421052631578947,0.18084447905036136,0.1429924495794061
3711,0.07520334757834757,0.030096392496392496,0.0,0.0,0.00909090909090909,0.23827711596445617,0.0785292207792208
3712,0.09368342003999901,0.023262254901960783,0.01613095238095238,0.0,0.007959183673469388,0.164886777438248,0.2649071206571207
3713,0.1195347525611693,0.0,0.35531190593032685,0.0,0.025459183673469384,0.061441003441003436,0.12533260014838965
3714,0.03985897435897436,0.35986940809123313,0.0,0.0,0.016346153846153847,0.10367995892995893,0.07112877726848313
3715,0.15968880056418755,0.0,0.005238095238095239,0.0,0.030621969217794646,0.2048262531018285,0.09157303807303807
3716,0.019956073338426278,0.0,0.43708052862456875,0.0,0.0,0.0,0.1385790941085059
3717,0.1503193207377418,0.022024101307189542,0.0016666666666666666,0.0,0.01731225296442688,0.18950123579887004,0.1522040786011374
3718,0.04142063492063491,0.4612003412603159,0.0,0.0,0.018192934782608697,0.13454981203007518,0.1693675540146128
3719,0.034370370370370364,0.04964861853832442,0.019781297134238308,0.0,0.0,0.17489034903005493,0.10561508426214308
3720,0.02033333333333333,0.39767493363401635,0.02268722943722944,0.0,0.0,0.1168038252597076,0.08415143026907733
3721,0.021220238095238094,0.0,0.051902958152958145,0.0842510611829167,0.0,0.10825090780392639,0.17118306693306684
3722,0.19074469497700225,0.06536831208007678,0.0035714285714285713,0.007142857142857143,0.02630193236714976,0.1841583865480924,0.11511901986901986
3723,0.02824584187742082,0.13023719579887508,0.005555555555555556,0.008095238095238095,0.02353720930232558,0.16402636252636252,0.16240501002265706
3724,0.01997902097902098,0.006,0.41377897919074386,0.0,0.0,0.006500000000000001,0.12449392927334106
3725,0.02586137392019745,0.03945874183006536,0.003333333333333333,0.0,0.01761143410852713,0.163936553642436,0.1356359057609057
3726,0.0437037037037037,0.020928571428571425,0.28272956128838483,0.0,0.0,0.035819985569985564,0.10921581196581195
3727,0.02450877192982456,0.05246749084249083,0.09347432194568416,0.007894736842105263,0.0,0.08813328664799254,0.1236439393939394
3728,0.028030303030303027,0.03459899749373434,0.11009117271617272,0.007894736842105263,0.03348718944657834,0.16439308404014288,0.15481959706959705
3729,0.020432263814616755,0.0,0.3570243250042011,0.0,0.0,0.005,0.14159954587895768
3730,0.16114841517632938,0.06431080031080032,0.07456224331224331,0.015721611721611725,0.05031215245799754,0.1700971848928505,0.2091083638583638
3731,0.07212532204637467,0.008,0.014694444444444446,0.015183823529411767,0.3857298419746728,0.16400022200022196,0.1350922965922966
3732,0.08941855902382219,0.02717826617826618,0.14518079143079143,0.0,0.02633643410852713,0.06700792263292263,0.15363222888222886
3733,0.05383355614973263,0.008888888888888889,0.009333333333333334,0.0,0.017367542761785565,0.17522062032394842,0.10077220002220003
3734,0.0944347461187378,0.01920779220779221,0.4161897264672032,0.07339269114865188,0.008775510204081632,0.08957292380821792,0.13739309357653015
3735,0.11653593185019016,0.03247348484848485,0.026704545454545453,0.0,0.02707106782106782,0.16764338765809356,0.10746439671439671
3736,0.02328940667175961,0.0,0.35978002452483876,0.0,0.0,0.0,0.13373843476784658
3737,0.09212370129384531,0.0,0.01536904761904762,0.0,0.0,0.15773745861981153,0.23349367299367305
3738,0.0441855600539811,0.25517186482734006,0.032551226551226546,0.0,0.025707825765965298,0.023115079365079366,0.14341855856561736
3739,0.13654225801303307,0.030378464128464133,0.0035714285714285713,0.0,0.017896825396825397,0.24244392698804457,0.06418290043290042
3740,0.08201926365687977,0.012321981424148608,0.027353479853479853,0.0490929802955665,0.06160639232108052,0.1510223541022774,0.18538685579126754
3741,0.0409313725490196,0.0529732467824573,0.03615247252747253,0.0,0.0341329823130782,0.11266592059471318,0.20826615378085964
3742,0.2270926897121851,0.14687953133822698,0.014714285714285714,0.0,0.06950035121984337,0.05460629729747377,0.10218326118326117
3743,0.17229341767100548,0.07709514240548723,0.0035714285714285713,0.0,0.008913043478260869,0.176419499618029,0.040168803418803425
3744,0.009333333333333334,0.0,0.3027983896534509,0.0,0.0,0.0025,0.1688113063407181
3745,0.08805381709793476,0.034550239234449755,0.0,0.0,0.3937381222205419,0.17070521145521148,0.14210142635142634
3746,0.03545751633986928,0.4198393446793745,0.04479545454545455,0.0,0.031164834881510995,0.060579522000187624,0.10952837195484255
3747,0.23163879017252623,0.006,0.0,0.0,0.018776489404238306,0.20760181476590142,0.07486874236874236
3748,0.05555500735647795,0.12329180841256827,0.0,0.01641711229946524,0.017093093093093096,0.17815837013863325,0.05652256077256077
3749,0.05141347296494355,0.029349143610013177,0.005714285714285714,0.0,0.006666666666666666,0.2011743712943404,0.1400339921516392
3750,0.003333333333333333,0.0,0.3738892390117623,0.0,0.0,0.0025,0.1460519268313386
3751,0.08120258571264763,0.03759692710035959,0.005714285714285714,0.0,0.007659574468085106,0.02251731601731602,0.24319447709153572
3752,0.013426573426573427,0.02799242424242424,0.0,0.0,0.008108108108108109,0.28617708353737764,0.09940431790431789
3753,0.13407939465225102,0.029629318394024277,0.002,0.0,0.03093793793793794,0.18946282668999387,0.1834134199134199
3754,0.09578137523396144,0.13397950506665673,0.022138888888888885,0.0,0.07610985212798968,0.03704385964912281,0.13944023133729014
3755,0.03451515151515151,0.006666666666666666,0.2615763084954263,0.0,0.0,0.009000000000000001,0.10094022644022643
3756,0.08570052410609687,0.0,0.011083333333333334,0.0,0.0,0.21859179872415166,0.12071338383838386
3757,0.05400414781297134,0.10052411477411477,0.020369047619047623,0.0,0.01761143410852713,0.1473791233276527,0.1328913863913864
3758,0.115423171341902,0.048565418070062025,0.009464285714285713,0.0,0.05796974542333205,0.12473823390232058,0.1438189914660503
3759,0.280710785647251,0.038227272727272735,0.005714285714285714,0.0,0.0,0.22505371537647081,0.08750907425907427
3760,0.013894736842105262,0.007142857142857143,0.3405576603441727,0.0,0.0,0.0025,0.15674132077073252
3761,0.1377560420487665,0.3772798011712939,0.009285714285714286,0.0,0.033384332925336595,0.030156413761676916,0.19736172650878525
3762,0.1718751775541854,0.08552982707605133,0.010158730158730159,0.0,0.0796229586856926,0.119862571982541,0.12336606938812819
3763,0.07590354090354091,0.05122960372960374,0.0,0.0,0.009508196721311474,0.17948626618479563,0.13197563547563548
3764,0.015363636363636364,0.0,0.381502911264289,0.0,0.008333333333333333,0.008055555555555555,0.1356251803751804
3765,0.009333333333333334,0.0,0.2992015438122249,0.0,0.0,0.0025,0.18664846917788094
3766,0.0,0.11409872464137169,0.15273031208557522,0.0,0.00896551724137931,0.07087912087912089,0.11018132357838238
3767,0.20447653704298333,0.1390978084378542,0.012179487179487178,0.0,0.042172053062195444,0.08980271701982227,0.16754580386933327
3768,0.1166469415517403,0.020913461538461537,0.00738095238095238,0.0,0.016406926406926408,0.21260202052849106,0.16373050779629728
3769,0.02534761904761905,0.02134920634920635,0.00625,0.0,0.0,0.2684239199258886,0.1063804251304251
3770,0.023924242424242424,0.023657142857142856,0.3734712036329684,0.0,0.0,0.025246031746031745,0.12125081128022311
3771,0.06049167791273055,0.08375450040155923,0.1052084472544999,0.0,0.033196853973449715,0.07181493506493505,0.15093842758548637
3772,0.13620902841963478,0.00946969696969697,0.03107936507936508,0.0,0.45664328622881656,0.051814213564213556,0.117782722179781
3773,0.010833333333333332,0.006428571428571429,0.2721495814986527,0.0,0.04169240030695139,0.0075,0.10794660894660896
3774,0.14720822528864322,0.04160026301490496,0.08735403485403484,0.007954545454545454,0.0,0.18374145625616212,0.17850960640666524
3775,0.006,0.0,0.23802207106618872,0.0,0.008974358974358975,0.0025,0.17738381063381062
3776,0.06371829004329005,0.0,0.37581979389719344,0.0,0.0,0.0025,0.1580797046091164
3777,0.009333333333333334,0.0,0.2951971647633412,0.0,0.049134260772067666,0.0115,0.10268470418470418
3778,0.20702228879937862,0.06992244568446615,0.045626373626373624,0.0,0.023415584415584417,0.029498599439775907,0.13146836986542867
